<?xml version="1.0" encoding="UTF-8"?>
<!--
 Copyright (C) 2009 tm2gtksw2(Alexandre da Silva)

 This file was generated from a textmate theme named Active4D
 with tm2gtksw2 tool. (Alexandre da Silva)

 This library is free software; you can redistribute it and/or
 modify it under the terms of the GNU Library General Public
 License as published by the Free Software Foundation; either
 version 2 of the License, or (at your option) any later version.

 This library is distributed in the hope that it will be useful,
 but WITHOUT ANY WARRANTY; without even the implied warranty of
 MERCHANTABILITY or FITNESS FOR A PARTICULAR PURPOSE.  See the GNU
 Library General Public License for more details.

 You should have received a copy of the GNU Library General Public
 License along with this library; if not, write to the
 Free Software Foundation, Inc., 59 Temple Place - Suite 330,
 Boston, MA 02111-1307, USA.
-->

<style-scheme id="active4d" _name="Active4D" version="1.0">
  <author>tm2gtksw2(Alexandre da Silva)</author>
  <_description>GMate Theme - Generated from textmate theme with tm2gtksw2</_description>

  <style name="bracket-match"  background="#ededed" bold="true"/>
  <style name="bracket-mismatch"  background="#ededed" underline="true"/>
  <style name="css:at-rules" foreground="#006699" bold="true"/>
  <style name="css:keyword" foreground="#a535ae"/>
  <style name="current-line"  background="#ededed"/>
  <style name="cursor" foreground="#000000"/>
  <style name="def:base-n-integer" foreground="#a8017e"/>
  <style name="def:boolean" foreground="#a535ae"/>
  <style name="def:builtin" foreground="#a535ae"/>
  <style name="def:character" foreground="#666666"/>
  <style name="def:comment" foreground="#d33535"/>
  <style name="def:complex" foreground="#a8017e"/>
  <style name="def:decimal" foreground="#a8017e"/>
  <style name="def:doc-comment" foreground="#d33535"/>
  <style name="def:doc-comment-element" foreground="#d33535"/>
  <style name="def:error" foreground="#ffffff" background="#990000"/>
  <style name="def:floating-point" foreground="#a8017e"/>
  <style name="def:function" foreground="#21439c"/>
  <style name="def:identifier" foreground="#0053ff" bold="true"/>
  <style name="def:keyword" foreground="#006699" bold="true"/>
  <style name="def:note"  bold="true" underline="true" italic="true"/>
  <style name="def:number" foreground="#a8017e"/>
  <style name="def:operator" foreground="#006699" bold="true"/>
  <style name="def:preprocessor" foreground="#b7734c"/>
  <style name="def:reserved" foreground="#006699" bold="true"/>
  <style name="def:shebang" foreground="#d33535"/>
  <style name="def:special-char" foreground="#b7734c"/>
  <style name="def:special-constant" foreground="#a535ae"/>
  <style name="def:statement" foreground="#006699" bold="true"/>
  <style name="def:string" foreground="#666666"/>
  <style name="def:type" foreground="#a535ae"/>
  <style name="diff:location" foreground="#ffffff" background="#656565"/>
  <style name="draw-spaces" foreground="#bfbfbf"/>
  <style name="html:dtd" foreground="#666666"/>
  <style name="html:tag" foreground="#016cff"/>
  <style name="js:function" foreground="#45ae34" bold="true"/>
  <style name="line-numbers" foreground="#000000" background="#ededed"/>
  <style name="perl:builtin" foreground="#21439c"/>
  <style name="perl:include-statement" foreground="#006699" bold="true"/>
  <style name="perl:special-variable" foreground="#a535ae"/>
  <style name="perl:variable" foreground="#0053ff" bold="true"/>
  <style name="php:string" foreground="#666666"/>
  <style name="python:builtin-constant" foreground="#006699" bold="true"/>
  <style name="python:builtin-function" foreground="#21439c"/>
  <style name="python:module-handler" foreground="#006699" bold="true"/>
  <style name="python:special-variable" foreground="#006699" bold="true"/>
  <style name="ruby:attribute-definition" foreground="#006699" bold="true"/>
  <style name="ruby:builtin" foreground="#0053ff" bold="true"/>
  <style name="ruby:class-variable" foreground="#0053ff" bold="true"/>
  <style name="ruby:constant" foreground="#0053ff" bold="true"/>
  <style name="ruby:global-variable" foreground="#21439c"/>
  <style name="ruby:instance-variable" foreground="#0053ff" bold="true"/>
  <style name="ruby:module-handler" foreground="#006699" bold="true"/>
  <style name="ruby:predefined-variable" foreground="#a535ae"/>
  <style name="ruby:regex" foreground="#666666"/>
  <style name="ruby:special-variable" foreground="#006699" bold="true"/>
  <style name="rubyonrails:attribute-definition" foreground="#006699" bold="true"/>
  <style name="rubyonrails:block-parameter" foreground="#0053ff" bold="true"/>
  <style name="rubyonrails:builtin" foreground="#0053ff" bold="true"/>
  <style name="rubyonrails:class-inherit" foreground="#21439c"/>
  <style name="rubyonrails:class-name" foreground="#21439c"/>
  <style name="rubyonrails:class-variable" foreground="#0053ff" bold="true"/>
  <style name="rubyonrails:complex-interpolation" foreground="#666666"/>
  <style name="rubyonrails:constant" foreground="#0053ff" bold="true"/>
  <style name="rubyonrails:global-variable" foreground="#21439c"/>
  <style name="rubyonrails:instance-variable" foreground="#0053ff" bold="true"/>
  <style name="rubyonrails:module-handler" foreground="#006699" bold="true"/>
  <style name="rubyonrails:module-name" foreground="#21439c"/>
  <style name="rubyonrails:predefined-variable" foreground="#a535ae"/>
  <style name="rubyonrails:rails" foreground="#0053ff" bold="true"/>
  <style name="rubyonrails:regex" foreground="#666666"/>
  <style name="rubyonrails:simple-interpolation" foreground="#666666"/>
  <style name="rubyonrails:special-variable" foreground="#006699" bold="true"/>
  <style name="search-match"  background="#ededed" bold="true" underline="true"/>
  <style name="selection" foreground="#000000" background="#bad6fd"/>
  <style name="text" foreground="#000000" background="#ffffff"/>
  <style name="xml:attribute-name" foreground="#963dff"/>
  <style name="xml:doctype" foreground="#7a7a7a"/>
  <style name="xml:element-name" foreground="#016cff"/>
  <style name="xml:namespace" foreground="#016cff"/>
  <style name="xml:tag" foreground="#016cff"/>
  

</style-scheme>

