<?xml version="1.0" encoding="UTF-8"?>
<!--
 Copyright (C) 2009 tm2gtksw2(Alexandre da Silva)

 This file was generated from a textmate theme named Django (Smoothy)
 with tm2gtksw2 tool. (Alexandre da Silva)

 This library is free software; you can redistribute it and/or
 modify it under the terms of the GNU Library General Public
 License as published by the Free Software Foundation; either
 version 2 of the License, or (at your option) any later version.

 This library is distributed in the hope that it will be useful,
 but WITHOUT ANY WARRANTY; without even the implied warranty of
 MERCHANTABILITY or FITNESS FOR A PARTICULAR PURPOSE.  See the GNU
 Library General Public License for more details.

 You should have received a copy of the GNU Library General Public
 License along with this library; if not, write to the
 Free Software Foundation, Inc., 59 Temple Place - Suite 330,
 Boston, MA 02111-1307, USA.
-->

<style-scheme id="djangosmoothy" _name="Django (Smoothy)" version="1.0">
  <author>tm2gtksw2(Alexandre da Silva)</author>
  <_description>GMate Theme - Generated from textmate theme with tm2gtksw2</_description>

  <style name="bracket-match"  background="#193823" bold="true"/>
  <style name="bracket-mismatch"  background="#193823" underline="true"/>
  <style name="css:at-rules" foreground="#96dd3b"/>
  <style name="css:color" foreground="#9cf340" bold="true" italic="true"/>
  <style name="css:keyword" foreground="#96dd3b"/>
  <style name="current-line"  background="#193823"/>
  <style name="cursor" foreground="#336442"/>
  <style name="def:base-n-integer" foreground="#9cf340" bold="true" italic="true"/>
  <style name="def:boolean" foreground="#9cf340" bold="true" italic="true"/>
  <style name="def:builtin" foreground="#9df39f"/>
  <style name="def:character" foreground="#e1ffb8" italic="true"/>
  <style name="def:comment" foreground="#fd6209"/>
  <style name="def:complex" foreground="#9cf340" bold="true" italic="true"/>
  <style name="def:constant" foreground="#9cf340" bold="true" italic="true"/>
  <style name="def:decimal" foreground="#9cf340" bold="true" italic="true"/>
  <style name="def:doc-comment" foreground="#fd6209"/>
  <style name="def:doc-comment-element" foreground="#fd6209"/>
  <style name="def:error"  background="#94da3a"/>
  <style name="def:floating-point" foreground="#9cf340" bold="true" italic="true"/>
  <style name="def:function" foreground="#fec758"/>
  <style name="def:identifier" foreground="#fb9a4b" bold="true" italic="true"/>
  <style name="def:keyword" foreground="#96dd3b"/>
  <style name="def:note" foreground="#fd6209"/>
  <style name="def:number" foreground="#9cf340" bold="true" italic="true"/>
  <style name="def:operator" foreground="#96dd3b"/>
  <style name="def:preprocessor" foreground="#eb939a"/>
  <style name="def:reserved" foreground="#96dd3b"/>
  <style name="def:shebang" foreground="#fd6209"/>
  <style name="def:special-char" foreground="#ffe862"/>
  <style name="def:special-constant" foreground="#9cf340" bold="true" italic="true"/>
  <style name="def:statement" foreground="#96dd3b"/>
  <style name="def:string" foreground="#e1ffb8" italic="true"/>
  <style name="def:type" foreground="#9df39f"/>
  <style name="diff:added-line" foreground="#41a83e" background="#9bf199"/>
  <style name="diff:changed-line" foreground="#f8f8f8" background="#c4b14a"/>
  <style name="diff:location" foreground="#f8f8f8" background="#0b2f20" italic="true"/>
  <style name="diff:removed-line" foreground="#ec9799" background="#fedcdd"/>
  <style name="draw-spaces" foreground="#0b2f20"/>
  <style name="html:dtd" foreground="#e1ffb8" italic="true"/>
  <style name="html:tag" foreground="#e8e8e7"/>
  <style name="js:function" foreground="#ffe862"/>
  <style name="line-numbers" foreground="#f8f8f8" background="#193823"/>
  <style name="perl:builtin" foreground="#fec758"/>
  <style name="perl:include-statement" foreground="#96dd3b"/>
  <style name="perl:line-directive" foreground="#9cf340" bold="true" italic="true"/>
  <style name="perl:special-variable" foreground="#96dd3b"/>
  <style name="perl:type" foreground="#9cf340" bold="true" italic="true"/>
  <style name="perl:variable" foreground="#fb9a4b" bold="true" italic="true"/>
  <style name="php:string" foreground="#e1ffb8" italic="true"/>
  <style name="python:builtin-constant" foreground="#96dd3b"/>
  <style name="python:builtin-function" foreground="#9cf340" bold="true" italic="true"/>
  <style name="python:builtin-object" foreground="#9cf340" bold="true" italic="true"/>
  <style name="python:module-handler" foreground="#96dd3b"/>
  <style name="python:special-variable" foreground="#96dd3b"/>
  <style name="ruby:attribute-definition" foreground="#96dd3b"/>
  <style name="ruby:builtin" foreground="#fb9a4b" bold="true" italic="true"/>
  <style name="ruby:class-variable" foreground="#fb9a4b" bold="true" italic="true"/>
  <style name="ruby:constant" foreground="#9cf340" bold="true" italic="true"/>
  <style name="ruby:global-variable" foreground="#fec758"/>
  <style name="ruby:instance-variable" foreground="#fb9a4b" bold="true" italic="true"/>
  <style name="ruby:module-handler" foreground="#96dd3b"/>
  <style name="ruby:predefined-variable" foreground="#9cf340" bold="true" italic="true"/>
  <style name="ruby:regex" foreground="#ffb454"/>
  <style name="ruby:special-variable" foreground="#96dd3b"/>
  <style name="ruby:symbol" foreground="#9cf340" bold="true" italic="true"/>
  <style name="rubyonrails:attribute-definition" foreground="#96dd3b"/>
  <style name="rubyonrails:block-parameter" foreground="#fb9a4b" bold="true" italic="true"/>
  <style name="rubyonrails:builtin" foreground="#9df39f"/>
  <style name="rubyonrails:class-inherit" foreground="#ffe862" underline="true" italic="true"/>
  <style name="rubyonrails:class-name" foreground="#fec758"/>
  <style name="rubyonrails:class-variable" foreground="#fb9a4b" bold="true" italic="true"/>
  <style name="rubyonrails:complex-interpolation" foreground="#9cf340" bold="true" italic="true"/>
  <style name="rubyonrails:constant" foreground="#9cf340" bold="true" italic="true"/>
  <style name="rubyonrails:global-variable" foreground="#fec758"/>
  <style name="rubyonrails:instance-variable" foreground="#fb9a4b" bold="true" italic="true"/>
  <style name="rubyonrails:module-handler" foreground="#96dd3b"/>
  <style name="rubyonrails:module-name" foreground="#fec758"/>
  <style name="rubyonrails:predefined-variable" foreground="#9cf340" bold="true" italic="true"/>
  <style name="rubyonrails:rails" foreground="#fb9a4b" bold="true" italic="true"/>
  <style name="rubyonrails:regex" foreground="#ffb454"/>
  <style name="rubyonrails:simple-interpolation" foreground="#9cf340" bold="true" italic="true"/>
  <style name="rubyonrails:special-variable" foreground="#96dd3b"/>
  <style name="rubyonrails:symbol" foreground="#9cf340" bold="true" italic="true"/>
  <style name="search-match"  background="#193823" bold="true" underline="true"/>
  <style name="selection" foreground="#f8f8f8" background="#336442"/>
  <style name="text" foreground="#f8f8f8" background="#245032"/>
  <style name="xml:attribute-name" foreground="#fec758"/>
  <style name="xml:doctype" foreground="#e8e8e7"/>
  <style name="xml:element-name" foreground="#fec758"/>
  <style name="xml:entity" foreground="#989898"/>
  <style name="xml:namespace" foreground="#fec758"/>
  <style name="xml:tag" foreground="#e8e8e7"/>
  

</style-scheme>

