<?xml version="1.0" encoding="UTF-8"?>
<!--
 Copyright (C) 2009 tm2gtksw2(Alexandre da Silva)

 This file was generated from a textmate theme named eclips3.media (ECLM)
 with tm2gtksw2 tool. (Alexandre da Silva)

 This library is free software; you can redistribute it and/or
 modify it under the terms of the GNU Library General Public
 License as published by the Free Software Foundation; either
 version 2 of the License, or (at your option) any later version.

 This library is distributed in the hope that it will be useful,
 but WITHOUT ANY WARRANTY; without even the implied warranty of
 MERCHANTABILITY or FITNESS FOR A PARTICULAR PURPOSE.  See the GNU
 Library General Public License for more details.

 You should have received a copy of the GNU Library General Public
 License along with this library; if not, write to the
 Free Software Foundation, Inc., 59 Temple Place - Suite 330,
 Boston, MA 02111-1307, USA.
-->

<style-scheme id="eclips3mediaeclm" _name="eclips3.media (ECLM)" version="1.0">
  <author>tm2gtksw2(Alexandre da Silva)</author>
  <_description>GMate Theme - Generated from textmate theme with tm2gtksw2</_description>

  <style name="bracket-match"  background="#393a3c" bold="true"/>
  <style name="bracket-mismatch"  background="#393a3c" underline="true"/>
  <style name="css:at-rules" foreground="#69a1ff" background="#808080" bold="true"/>
  <style name="css:color" foreground="#6d9cbe"/>
  <style name="css:keyword" foreground="#6e9cbe"/>
  <style name="current-line"  background="#393a3c"/>
  <style name="cursor" foreground="#ffffff"/>
  <style name="def:base-n-integer" foreground="#96d339"/>
  <style name="def:boolean" foreground="#6e9cbe"/>
  <style name="def:builtin" foreground="#6e9cbe"/>
  <style name="def:character" foreground="#0069cc"/>
  <style name="def:comment" foreground="#0a0a0a" background="#2a2a2a" italic="true"/>
  <style name="def:complex" foreground="#96d339"/>
  <style name="def:constant" foreground="#6d9cbe"/>
  <style name="def:decimal" foreground="#96d339"/>
  <style name="def:doc-comment" foreground="#0a0a0a" background="#2a2a2a" italic="true"/>
  <style name="def:doc-comment-element" foreground="#0a0a0a" background="#2a2a2a" italic="true"/>
  <style name="def:error" foreground="#ffffff" background="#990000" italic="true"/>
  <style name="def:floating-point" foreground="#96d339"/>
  <style name="def:function" foreground="#ff00ac" background="#000000" bold="true" italic="true"/>
  <style name="def:identifier" foreground="#c9ceff"/>
  <style name="def:keyword" foreground="#69a1ff" background="#808080" bold="true"/>
  <style name="def:note" foreground="#0a0a0a" background="#2a2a2a" italic="true"/>
  <style name="def:number" foreground="#96d339"/>
  <style name="def:operator" foreground="#69a1ff" background="#808080" bold="true"/>
  <style name="def:preprocessor" foreground="#a5c261"/>
  <style name="def:reserved" foreground="#69a1ff" background="#808080" bold="true"/>
  <style name="def:shebang" foreground="#0a0a0a" background="#2a2a2a" italic="true"/>
  <style name="def:special-char" foreground="#519f50"/>
  <style name="def:special-constant" foreground="#6e9cbe"/>
  <style name="def:statement" foreground="#69a1ff" background="#808080" bold="true"/>
  <style name="def:string" foreground="#0069cc"/>
  <style name="def:type" foreground="#6e9cbe"/>
  <style name="diff:added-line" foreground="#e6e1dc" background="#144212"/>
  <style name="diff:location"  background="#2f33ab"/>
  <style name="diff:removed-line" foreground="#e6e1dc" background="#660000"/>
  <style name="draw-spaces" foreground="#333333"/>
  <style name="html:dtd" foreground="#0069cc"/>
  <style name="html:tag" foreground="#000000"/>
  <style name="js:function" foreground="#00c5ff" background="#2b2b2b"/>
  <style name="line-numbers" foreground="#e6e1de" background="#393a3c"/>
  <style name="perl:builtin" foreground="#ff00ac" background="#000000" bold="true" italic="true"/>
  <style name="perl:include-statement" foreground="#69a1ff" background="#808080" bold="true"/>
  <style name="perl:line-directive" foreground="#6d9cbe"/>
  <style name="perl:special-variable" foreground="#da4939"/>
  <style name="perl:type" foreground="#6d9cbe"/>
  <style name="perl:variable" foreground="#c9ceff"/>
  <style name="php:string" foreground="#0069cc"/>
  <style name="python:builtin-constant" foreground="#69a1ff" background="#808080" bold="true"/>
  <style name="python:builtin-function" foreground="#ff00ac" background="#000000" bold="true" italic="true"/>
  <style name="python:builtin-object" foreground="#6d9cbe"/>
  <style name="python:module-handler" foreground="#69a1ff" background="#808080" bold="true"/>
  <style name="python:special-variable" foreground="#69a1ff" background="#808080" bold="true"/>
  <style name="ruby:attribute-definition" foreground="#da4939"/>
  <style name="ruby:builtin" foreground="#da4939"/>
  <style name="ruby:class-variable" foreground="#c9ceff"/>
  <style name="ruby:constant" foreground="#da4939"/>
  <style name="ruby:global-variable" foreground="#ff00ac" background="#000000" bold="true" italic="true"/>
  <style name="ruby:instance-variable" foreground="#c9ceff"/>
  <style name="ruby:module-handler" foreground="#69a1ff" background="#808080" bold="true"/>
  <style name="ruby:predefined-variable" foreground="#6e9cbe"/>
  <style name="ruby:regex" foreground="#0069cc"/>
  <style name="ruby:special-variable" foreground="#69a1ff" background="#808080" bold="true"/>
  <style name="ruby:symbol" foreground="#6d9cbe"/>
  <style name="rubyonrails:attribute-definition" foreground="#da4939"/>
  <style name="rubyonrails:builtin" foreground="#da4939"/>
  <style name="rubyonrails:class-inherit" foreground="#ffffff" bold="true" underline="true" italic="true"/>
  <style name="rubyonrails:class-name" foreground="#ffffff" bold="true" underline="true" italic="true"/>
  <style name="rubyonrails:class-variable" foreground="#c9ceff"/>
  <style name="rubyonrails:complex-interpolation" foreground="#519f50"/>
  <style name="rubyonrails:constant" foreground="#da4939"/>
  <style name="rubyonrails:global-variable" foreground="#ff00ac" background="#000000" bold="true" italic="true"/>
  <style name="rubyonrails:instance-variable" foreground="#c9ceff"/>
  <style name="rubyonrails:module-handler" foreground="#69a1ff" background="#808080" bold="true"/>
  <style name="rubyonrails:module-name" foreground="#ffffff" bold="true" underline="true" italic="true"/>
  <style name="rubyonrails:predefined-variable" foreground="#6e9cbe"/>
  <style name="rubyonrails:rails" foreground="#da4939"/>
  <style name="rubyonrails:regex" foreground="#0069cc"/>
  <style name="rubyonrails:simple-interpolation" foreground="#519f50"/>
  <style name="rubyonrails:special-variable" foreground="#69a1ff" background="#808080" bold="true"/>
  <style name="rubyonrails:symbol" foreground="#6d9cbe"/>
  <style name="search-match"  background="#393a3c" bold="true" underline="true"/>
  <style name="selection" foreground="#e6e1de" background="#545d73"/>
  <style name="text" foreground="#e6e1de" background="#2b2b2b"/>
  <style name="xml:attribute-name" foreground="#000000"/>
  <style name="xml:doctype" foreground="#000000"/>
  <style name="xml:element-name" foreground="#000000"/>
  <style name="xml:namespace" foreground="#000000"/>
  <style name="xml:tag" foreground="#000000"/>
  

</style-scheme>

