<?xml version="1.0" encoding="UTF-8"?>
<!--
 Copyright (C) 2009 tm2gtksw2(Alexandre da Silva)

 This file was generated from a textmate theme named Espresso Libre
 with tm2gtksw2 tool. (Alexandre da Silva)

 This library is free software; you can redistribute it and/or
 modify it under the terms of the GNU Library General Public
 License as published by the Free Software Foundation; either
 version 2 of the License, or (at your option) any later version.

 This library is distributed in the hope that it will be useful,
 but WITHOUT ANY WARRANTY; without even the implied warranty of
 MERCHANTABILITY or FITNESS FOR A PARTICULAR PURPOSE.  See the GNU
 Library General Public License for more details.

 You should have received a copy of the GNU Library General Public
 License along with this library; if not, write to the
 Free Software Foundation, Inc., 59 Temple Place - Suite 330,
 Boston, MA 02111-1307, USA.
-->

<style-scheme id="espressolibre" _name="Espresso Libre" version="1.0">
  <author>tm2gtksw2(Alexandre da Silva)</author>
  <_description>GMate Theme - Generated from textmate theme with tm2gtksw2</_description>

  <style name="bracket-match"  background="#3a312c" bold="true"/>
  <style name="bracket-mismatch"  background="#3a312c" underline="true"/>
  <style name="c:preprocessor" foreground="#1a921c"/>
  <style name="css:at-rules" foreground="#43a8ed" bold="true"/>
  <style name="css:color" foreground="#c5656b" bold="true"/>
  <style name="css:keyword" foreground="#6d79de" bold="true"/>
  <style name="current-line"  background="#3a312c"/>
  <style name="cursor" foreground="#889aff"/>
  <style name="def:base-n-integer" foreground="#44aa43"/>
  <style name="def:boolean" foreground="#585cf6" bold="true"/>
  <style name="def:builtin" foreground="#585cf6" bold="true"/>
  <style name="def:character" foreground="#049b0a"/>
  <style name="def:comment" foreground="#0066ff" italic="true"/>
  <style name="def:complex" foreground="#44aa43"/>
  <style name="def:constant" foreground="#c5656b" bold="true"/>
  <style name="def:decimal" foreground="#44aa43"/>
  <style name="def:doc-comment" foreground="#0066ff" italic="true"/>
  <style name="def:doc-comment-element" foreground="#0066ff" italic="true"/>
  <style name="def:error" foreground="#ffffff" background="#990000"/>
  <style name="def:floating-point" foreground="#44aa43"/>
  <style name="def:function" foreground="#ff9358" bold="true"/>
  <style name="def:identifier" foreground="#318495"/>
  <style name="def:keyword" foreground="#43a8ed" bold="true"/>
  <style name="def:note" foreground="#0066ff" italic="true"/>
  <style name="def:number" foreground="#44aa43"/>
  <style name="def:operator" foreground="#43a8ed" bold="true"/>
  <style name="def:preprocessor" foreground="#00af0e" bold="true"/>
  <style name="def:reserved" foreground="#43a8ed" bold="true"/>
  <style name="def:shebang" foreground="#0066ff" italic="true"/>
  <style name="def:special-char" foreground="#2fe420"/>
  <style name="def:special-constant" foreground="#585cf6" bold="true"/>
  <style name="def:statement" foreground="#43a8ed" bold="true"/>
  <style name="def:string" foreground="#049b0a"/>
  <style name="def:type" foreground="#6d79de" bold="true"/>
  <style name="draw-spaces" foreground="#bfbfbf"/>
  <style name="html:dtd"  italic="true"/>
  <style name="html:tag" foreground="#43a8ed"/>
  <style name="js:function" foreground="#7290d9" bold="true"/>
  <style name="line-numbers" foreground="#bdae9d" background="#3a312c"/>
  <style name="perl:builtin" foreground="#ff9358" bold="true"/>
  <style name="perl:include-statement" foreground="#9aff87" bold="true"/>
  <style name="perl:line-directive" foreground="#c5656b" bold="true"/>
  <style name="perl:special-variable" foreground="#585cf6" bold="true"/>
  <style name="perl:type" foreground="#c5656b" bold="true"/>
  <style name="perl:variable" foreground="#318495"/>
  <style name="php:string" foreground="#049b0a"/>
  <style name="python:builtin-constant" foreground="#43a8ed" bold="true"/>
  <style name="python:builtin-function" foreground="#ff9358" bold="true"/>
  <style name="python:builtin-object" foreground="#c5656b" bold="true"/>
  <style name="python:module-handler" foreground="#43a8ed" bold="true"/>
  <style name="python:special-variable" foreground="#43a8ed" bold="true"/>
  <style name="ruby:attribute-definition" foreground="#43a8ed" bold="true"/>
  <style name="ruby:builtin" foreground="#318495"/>
  <style name="ruby:class-variable" foreground="#318495"/>
  <style name="ruby:constant" foreground="#318495"/>
  <style name="ruby:global-variable" foreground="#ff9358" bold="true"/>
  <style name="ruby:instance-variable" foreground="#318495"/>
  <style name="ruby:module-handler" foreground="#43a8ed" bold="true"/>
  <style name="ruby:predefined-variable" foreground="#585cf6" bold="true"/>
  <style name="ruby:regex" foreground="#049b0a"/>
  <style name="ruby:special-variable" foreground="#43a8ed" bold="true"/>
  <style name="ruby:symbol" foreground="#c5656b" bold="true"/>
  <style name="rubyonrails:attribute-definition" foreground="#43a8ed" bold="true"/>
  <style name="rubyonrails:block-parameter"  italic="true"/>
  <style name="rubyonrails:builtin" foreground="#318495"/>
  <style name="rubyonrails:class-inherit"  italic="true"/>
  <style name="rubyonrails:class-name"  underline="true"/>
  <style name="rubyonrails:class-variable" foreground="#318495"/>
  <style name="rubyonrails:complex-interpolation" foreground="#2fe420"/>
  <style name="rubyonrails:constant" foreground="#318495"/>
  <style name="rubyonrails:global-variable" foreground="#ff9358" bold="true"/>
  <style name="rubyonrails:instance-variable" foreground="#318495"/>
  <style name="rubyonrails:module-handler" foreground="#43a8ed" bold="true"/>
  <style name="rubyonrails:module-name"  underline="true"/>
  <style name="rubyonrails:predefined-variable" foreground="#585cf6" bold="true"/>
  <style name="rubyonrails:rails" foreground="#318495"/>
  <style name="rubyonrails:regex" foreground="#049b0a"/>
  <style name="rubyonrails:simple-interpolation" foreground="#2fe420"/>
  <style name="rubyonrails:special-variable" foreground="#43a8ed" bold="true"/>
  <style name="rubyonrails:symbol" foreground="#c5656b" bold="true"/>
  <style name="search-match"  background="#3a312c" bold="true" underline="true"/>
  <style name="selection" foreground="#bdae9d" background="#c3dcff"/>
  <style name="text" foreground="#bdae9d" background="#2a211c"/>
  <style name="xml:attribute-name"  italic="true"/>
  <style name="xml:doctype" foreground="#888888"/>
  <style name="xml:element-name"  bold="true"/>
  <style name="xml:namespace"  bold="true"/>
  <style name="xml:tag" foreground="#43a8ed"/>
  

</style-scheme>

