<?xml version="1.0" encoding="UTF-8"?>
<!--
 Copyright (C) 2009 tm2gtksw2(Alexandre da Silva)

 This file was generated from a textmate theme named IR_Black
 with tm2gtksw2 tool. (Alexandre da Silva)

 This library is free software; you can redistribute it and/or
 modify it under the terms of the GNU Library General Public
 License as published by the Free Software Foundation; either
 version 2 of the License, or (at your option) any later version.

 This library is distributed in the hope that it will be useful,
 but WITHOUT ANY WARRANTY; without even the implied warranty of
 MERCHANTABILITY or FITNESS FOR A PARTICULAR PURPOSE.  See the GNU
 Library General Public License for more details.

 You should have received a copy of the GNU Library General Public
 License along with this library; if not, write to the
 Free Software Foundation, Inc., 59 Temple Place - Suite 330,
 Boston, MA 02111-1307, USA.
-->

<style-scheme id="irblack" _name="IR_Black" version="1.0">
  <author>tm2gtksw2(Alexandre da Silva)</author>
  <_description>GMate Theme - Generated from textmate theme with tm2gtksw2</_description>

  <style name="bracket-match"  background="#0d0d0d" bold="true"/>
  <style name="bracket-mismatch"  background="#0d0d0d" underline="true"/>
  <style name="c:preprocessor" foreground="#8996a8"/>
  <style name="css:at-rules" foreground="#96cbfe"/>
  <style name="css:color" foreground="#99cc99"/>
  <style name="css:keyword" foreground="#ededed"/>
  <style name="current-line"  background="#0d0d0d"/>
  <style name="cursor" foreground="#a7a7a7"/>
  <style name="def:base-n-integer" foreground="#ff73fd" bold="true"/>
  <style name="def:boolean" foreground="#99cc99"/>
  <style name="def:builtin" foreground="#ffffb6"/>
  <style name="def:character" foreground="#a8ff60" bold="true"/>
  <style name="def:comment" foreground="#7c7c7c"/>
  <style name="def:complex" foreground="#ff73fd" bold="true"/>
  <style name="def:constant" foreground="#99cc99"/>
  <style name="def:decimal" foreground="#ff73fd" bold="true"/>
  <style name="def:doc-comment" foreground="#7c7c7c"/>
  <style name="def:doc-comment-element" foreground="#7c7c7c"/>
  <style name="def:error" foreground="#fd5ff1" background="#402140"/>
  <style name="def:floating-point" foreground="#ff73fd" bold="true"/>
  <style name="def:function" foreground="#ffd2a7"/>
  <style name="def:identifier" foreground="#c6c5fe"/>
  <style name="def:keyword" foreground="#96cbfe"/>
  <style name="def:note" foreground="#7c7c7c"/>
  <style name="def:number" foreground="#ff73fd" bold="true"/>
  <style name="def:operator" foreground="#96cbfe"/>
  <style name="def:preprocessor" foreground="#ffd2a7"/>
  <style name="def:reserved" foreground="#96cbfe"/>
  <style name="def:shebang" foreground="#7c7c7c"/>
  <style name="def:special-char" foreground="#00a0a0"/>
  <style name="def:special-constant" foreground="#99cc99"/>
  <style name="def:statement" foreground="#96cbfe"/>
  <style name="def:string" foreground="#a8ff60" bold="true"/>
  <style name="def:type" foreground="#ffffb6"/>
  <style name="diff:added-line" foreground="#f8f8f8" background="#253b22"/>
  <style name="diff:changed-line" foreground="#f8f8f8" background="#4a410d"/>
  <style name="diff:location" foreground="#f8f8f8" background="#0e2231" italic="true"/>
  <style name="diff:removed-line" foreground="#f8f8f8" background="#420e09"/>
  <style name="draw-spaces" foreground="#30363c"/>
  <style name="html:dtd" foreground="#a8ff60" bold="true"/>
  <style name="html:tag" foreground="#ffd2a7"/>
  <style name="js:function" foreground="#dad085"/>
  <style name="line-numbers" foreground="#ededed" background="#0d0d0d"/>
  <style name="perl:builtin" foreground="#ffd2a7"/>
  <style name="perl:include-statement" foreground="#96cbfe"/>
  <style name="perl:line-directive" foreground="#99cc99"/>
  <style name="perl:special-variable" foreground="#96cbfe"/>
  <style name="perl:type" foreground="#99cc99"/>
  <style name="perl:variable" foreground="#c6c5fe"/>
  <style name="php:string" foreground="#a8ff60" bold="true"/>
  <style name="python:builtin-constant" foreground="#96cbfe"/>
  <style name="python:builtin-function" foreground="#99cc99"/>
  <style name="python:builtin-object" foreground="#99cc99"/>
  <style name="python:module-handler" foreground="#96cbfe"/>
  <style name="python:special-variable" foreground="#96cbfe"/>
  <style name="ruby:attribute-definition" foreground="#96cbfe"/>
  <style name="ruby:builtin" foreground="#c6c5fe"/>
  <style name="ruby:class-variable" foreground="#c6c5fe"/>
  <style name="ruby:constant" foreground="#99cc99"/>
  <style name="ruby:global-variable" foreground="#ffd2a7"/>
  <style name="ruby:instance-variable" foreground="#c6c5fe"/>
  <style name="ruby:module-handler" foreground="#96cbfe"/>
  <style name="ruby:predefined-variable" foreground="#99cc99"/>
  <style name="ruby:regex" foreground="#e9c062"/>
  <style name="ruby:special-variable" foreground="#96cbfe"/>
  <style name="ruby:symbol" foreground="#99cc99"/>
  <style name="rubyonrails:attribute-definition" foreground="#96cbfe"/>
  <style name="rubyonrails:block-parameter" foreground="#c6c5fe"/>
  <style name="rubyonrails:builtin" foreground="#ffffb6"/>
  <style name="rubyonrails:class-inherit" foreground="#9b5c2e" italic="true"/>
  <style name="rubyonrails:class-name" foreground="#ffffb6" underline="true"/>
  <style name="rubyonrails:class-variable" foreground="#c6c5fe"/>
  <style name="rubyonrails:complex-interpolation" foreground="#ededed"/>
  <style name="rubyonrails:constant" foreground="#99cc99"/>
  <style name="rubyonrails:global-variable" foreground="#ffd2a7"/>
  <style name="rubyonrails:instance-variable" foreground="#c6c5fe"/>
  <style name="rubyonrails:module-handler" foreground="#96cbfe"/>
  <style name="rubyonrails:module-name" foreground="#ffffb6" underline="true"/>
  <style name="rubyonrails:predefined-variable" foreground="#99cc99"/>
  <style name="rubyonrails:rails" foreground="#c6c5fe"/>
  <style name="rubyonrails:regex" foreground="#e9c062"/>
  <style name="rubyonrails:simple-interpolation" foreground="#ededed"/>
  <style name="rubyonrails:special-variable" foreground="#96cbfe"/>
  <style name="rubyonrails:symbol" foreground="#99cc99"/>
  <style name="search-match"  background="#0d0d0d" bold="true" underline="true"/>
  <style name="selection" foreground="#ededed" background="#333333"/>
  <style name="text" foreground="#ededed" background="#000000"/>
  <style name="xml:attribute-name" foreground="#ffd7b1"/>
  <style name="xml:doctype" foreground="#96cbfe" bold="true"/>
  <style name="xml:element-name" foreground="#ffd2a7"/>
  <style name="xml:namespace" foreground="#e18964"/>
  <style name="xml:tag" foreground="#ffd2a7"/>
  

</style-scheme>

