<?xml version="1.0" encoding="UTF-8"?>
<!--
 Copyright (C) 2009 tm2gtksw2(Alexandre da Silva)

 This file was generated from a textmate theme named LAZY
 with tm2gtksw2 tool. (Alexandre da Silva)

 This library is free software; you can redistribute it and/or
 modify it under the terms of the GNU Library General Public
 License as published by the Free Software Foundation; either
 version 2 of the License, or (at your option) any later version.

 This library is distributed in the hope that it will be useful,
 but WITHOUT ANY WARRANTY; without even the implied warranty of
 MERCHANTABILITY or FITNESS FOR A PARTICULAR PURPOSE.  See the GNU
 Library General Public License for more details.

 You should have received a copy of the GNU Library General Public
 License along with this library; if not, write to the
 Free Software Foundation, Inc., 59 Temple Place - Suite 330,
 Boston, MA 02111-1307, USA.
-->

<style-scheme id="lazy" _name="LAZY" version="1.0">
  <author>tm2gtksw2(Alexandre da Silva)</author>
  <_description>GMate Theme - Generated from textmate theme with tm2gtksw2</_description>

  <style name="bracket-match"  background="#f6fdcd" bold="true"/>
  <style name="bracket-mismatch"  background="#f6fdcd" underline="true"/>
  <style name="css:at-rules" foreground="#ff7800"/>
  <style name="css:color" foreground="#3b5bb5"/>
  <style name="css:keyword" foreground="#3b5bb5"/>
  <style name="current-line"  background="#f6fdcd"/>
  <style name="cursor" foreground="#7c7c7c"/>
  <style name="def:base-n-integer" foreground="#3b5bb5"/>
  <style name="def:boolean" foreground="#3b5bb5"/>
  <style name="def:builtin" foreground="#3b5bb5"/>
  <style name="def:character" foreground="#409b1c"/>
  <style name="def:comment" foreground="#8c868f"/>
  <style name="def:complex" foreground="#3b5bb5"/>
  <style name="def:constant" foreground="#3b5bb5"/>
  <style name="def:decimal" foreground="#3b5bb5"/>
  <style name="def:doc-comment" foreground="#8c868f"/>
  <style name="def:doc-comment-element" foreground="#8c868f"/>
  <style name="def:error" foreground="#f8f8f8" background="#9d1e15"/>
  <style name="def:floating-point" foreground="#3b5bb5"/>
  <style name="def:function" foreground="#3b5bb5"/>
  <style name="def:keyword" foreground="#ff7800"/>
  <style name="def:note" foreground="#8c868f"/>
  <style name="def:number" foreground="#3b5bb5"/>
  <style name="def:operator" foreground="#ff7800"/>
  <style name="def:preprocessor" foreground="#ff7800"/>
  <style name="def:reserved" foreground="#ff7800"/>
  <style name="def:shebang" foreground="#8c868f"/>
  <style name="def:special-char" foreground="#3b5bb5"/>
  <style name="def:special-constant" foreground="#3b5bb5"/>
  <style name="def:statement" foreground="#ff7800"/>
  <style name="def:string" foreground="#409b1c"/>
  <style name="def:type" foreground="#3b5bb5"/>
  <style name="draw-spaces" foreground="#b6b6b6"/>
  <style name="html:dtd" foreground="#409b1c"/>
  <style name="html:tag" foreground="#3b5bb5"/>
  <style name="js:function" foreground="#3b5bb5"/>
  <style name="line-numbers" foreground="#000000" background="#f6fdcd"/>
  <style name="perl:builtin" foreground="#3b5bb5"/>
  <style name="perl:include-statement" foreground="#ff7800"/>
  <style name="perl:line-directive" foreground="#3b5bb5"/>
  <style name="perl:special-variable" foreground="#ff7800"/>
  <style name="perl:type" foreground="#3b5bb5"/>
  <style name="php:string" foreground="#409b1c"/>
  <style name="python:builtin-constant" foreground="#ff7800"/>
  <style name="python:builtin-function" foreground="#3b5bb5"/>
  <style name="python:builtin-object" foreground="#3b5bb5"/>
  <style name="python:module-handler" foreground="#ff7800"/>
  <style name="python:special-variable" foreground="#ff7800"/>
  <style name="ruby:attribute-definition" foreground="#ff7800"/>
  <style name="ruby:constant" foreground="#3b5bb5"/>
  <style name="ruby:global-variable" foreground="#3b5bb5"/>
  <style name="ruby:module-handler" foreground="#ff7800"/>
  <style name="ruby:predefined-variable" foreground="#3b5bb5"/>
  <style name="ruby:regex" foreground="#409b1c"/>
  <style name="ruby:special-variable" foreground="#ff7800"/>
  <style name="ruby:symbol" foreground="#3b5bb5"/>
  <style name="rubyonrails:attribute-definition" foreground="#ff7800"/>
  <style name="rubyonrails:builtin" foreground="#3b5bb5"/>
  <style name="rubyonrails:class-inherit" foreground="#3b5bb5" italic="true"/>
  <style name="rubyonrails:class-name" foreground="#3b5bb5"/>
  <style name="rubyonrails:complex-interpolation" foreground="#3b5bb5"/>
  <style name="rubyonrails:constant" foreground="#3b5bb5"/>
  <style name="rubyonrails:global-variable" foreground="#3b5bb5"/>
  <style name="rubyonrails:module-handler" foreground="#ff7800"/>
  <style name="rubyonrails:module-name" foreground="#3b5bb5"/>
  <style name="rubyonrails:predefined-variable" foreground="#3b5bb5"/>
  <style name="rubyonrails:regex" foreground="#409b1c"/>
  <style name="rubyonrails:simple-interpolation" foreground="#3b5bb5"/>
  <style name="rubyonrails:special-variable" foreground="#ff7800"/>
  <style name="rubyonrails:symbol" foreground="#3b5bb5"/>
  <style name="search-match"  background="#f6fdcd" bold="true" underline="true"/>
  <style name="selection" foreground="#000000" background="#e3fc8d"/>
  <style name="text" foreground="#000000" background="#ffffff"/>
  <style name="xml:attribute-name" foreground="#3b5bb5"/>
  <style name="xml:doctype" foreground="#3a4a64"/>
  <style name="xml:element-name" foreground="#3b5bb5"/>
  <style name="xml:namespace" foreground="#3b5bb5"/>
  <style name="xml:tag" foreground="#3b5bb5"/>
  

</style-scheme>

