<?xml version="1.0" encoding="UTF-8"?>
<!--
 Copyright (C) 2009 tm2gtksw2(Alexandre da Silva)

 This file was generated from a textmate theme named Stoneship
 with tm2gtksw2 tool. (Alexandre da Silva)

 This library is free software; you can redistribute it and/or
 modify it under the terms of the GNU Library General Public
 License as published by the Free Software Foundation; either
 version 2 of the License, or (at your option) any later version.

 This library is distributed in the hope that it will be useful,
 but WITHOUT ANY WARRANTY; without even the implied warranty of
 MERCHANTABILITY or FITNESS FOR A PARTICULAR PURPOSE.  See the GNU
 Library General Public License for more details.

 You should have received a copy of the GNU Library General Public
 License along with this library; if not, write to the
 Free Software Foundation, Inc., 59 Temple Place - Suite 330,
 Boston, MA 02111-1307, USA.
-->

<style-scheme id="stoneship" _name="Stoneship" version="1.0">
  <author>tm2gtksw2(Alexandre da Silva)</author>
  <_description>GMate Theme - Generated from textmate theme with tm2gtksw2</_description>

  <style name="bracket-match"  background="#2d210c" bold="true"/>
  <style name="bracket-mismatch"  background="#2d210c" underline="true"/>
  <style name="css:at-rules" foreground="#ff0000"/>
  <style name="css:color" foreground="#ffe834"/>
  <style name="current-line"  background="#2d210c"/>
  <style name="cursor" foreground="#f8f8f0"/>
  <style name="def:base-n-integer" foreground="#ffe834"/>
  <style name="def:boolean" foreground="#ffe834"/>
  <style name="def:builtin" foreground="#ffe834"/>
  <style name="def:character" foreground="#ffe834" background="#41380d"/>
  <style name="def:comment" foreground="#4d4d4d"/>
  <style name="def:complex" foreground="#ffe834"/>
  <style name="def:constant" foreground="#ffe834"/>
  <style name="def:decimal" foreground="#ffe834"/>
  <style name="def:doc-comment" foreground="#4d4d4d"/>
  <style name="def:doc-comment-element" foreground="#4d4d4d"/>
  <style name="def:error"  background="#ff0000"/>
  <style name="def:floating-point" foreground="#ffe834"/>
  <style name="def:function" foreground="#ff971e"/>
  <style name="def:identifier" foreground="#ffc27f"/>
  <style name="def:keyword" foreground="#ff0000"/>
  <style name="def:note" foreground="#4d4d4d"/>
  <style name="def:number" foreground="#ffe834"/>
  <style name="def:operator" foreground="#ff0000"/>
  <style name="def:preprocessor" foreground="#ffe834"/>
  <style name="def:reserved" foreground="#ff0000"/>
  <style name="def:shebang" foreground="#4d4d4d"/>
  <style name="def:special-char" foreground="#ffe834"/>
  <style name="def:special-constant" foreground="#ffe834"/>
  <style name="def:statement" foreground="#ff0000"/>
  <style name="def:string" foreground="#ffe834" background="#41380d"/>
  <style name="draw-spaces" foreground="#212121"/>
  <style name="html:dtd" foreground="#ffe834" background="#41380d"/>
  <style name="html:tag" foreground="#6dff1b"/>
  <style name="js:function" foreground="#6dff1b"/>
  <style name="line-numbers" foreground="#f8f8f2" background="#2d210c"/>
  <style name="perl:builtin" foreground="#ff971e"/>
  <style name="perl:include-statement" foreground="#ff0000"/>
  <style name="perl:line-directive" foreground="#ffe834"/>
  <style name="perl:special-variable" foreground="#ff0000"/>
  <style name="perl:type" foreground="#ffe834"/>
  <style name="perl:variable" foreground="#ffc27f"/>
  <style name="php:string" foreground="#ffe834" background="#41380d"/>
  <style name="python:builtin-constant" foreground="#ff0000"/>
  <style name="python:builtin-function" foreground="#ffe834"/>
  <style name="python:builtin-object" foreground="#ffe834"/>
  <style name="python:module-handler" foreground="#ff0000"/>
  <style name="python:special-variable" foreground="#ff0000"/>
  <style name="ruby:attribute-definition" foreground="#ff0000"/>
  <style name="ruby:builtin" foreground="#ffc27f"/>
  <style name="ruby:class-variable" foreground="#ffc27f"/>
  <style name="ruby:constant" foreground="#ffe834"/>
  <style name="ruby:global-variable" foreground="#ff971e"/>
  <style name="ruby:instance-variable" foreground="#ffc27f"/>
  <style name="ruby:module-handler" foreground="#ff0000"/>
  <style name="ruby:predefined-variable" foreground="#ffe834"/>
  <style name="ruby:regex" foreground="#ffe834" background="#41380d"/>
  <style name="ruby:special-variable" foreground="#ff0000"/>
  <style name="ruby:symbol" foreground="#ffe834"/>
  <style name="rubyonrails:attribute-definition" foreground="#ff0000"/>
  <style name="rubyonrails:block-parameter" foreground="#ffc27f"/>
  <style name="rubyonrails:builtin" foreground="#ffc27f"/>
  <style name="rubyonrails:class-inherit" foreground="#9b540e"/>
  <style name="rubyonrails:class-name" foreground="#ff971e"/>
  <style name="rubyonrails:class-variable" foreground="#ffc27f"/>
  <style name="rubyonrails:complex-interpolation" foreground="#fff6b4"/>
  <style name="rubyonrails:constant" foreground="#ffe834"/>
  <style name="rubyonrails:global-variable" foreground="#ff971e"/>
  <style name="rubyonrails:instance-variable" foreground="#ffc27f"/>
  <style name="rubyonrails:module-handler" foreground="#ff0000"/>
  <style name="rubyonrails:module-name" foreground="#ff971e"/>
  <style name="rubyonrails:predefined-variable" foreground="#ffe834"/>
  <style name="rubyonrails:rails" foreground="#ffc27f"/>
  <style name="rubyonrails:regex" foreground="#ffe834" background="#41380d"/>
  <style name="rubyonrails:simple-interpolation" foreground="#fff6b4"/>
  <style name="rubyonrails:special-variable" foreground="#ff0000"/>
  <style name="rubyonrails:symbol" foreground="#ffe834"/>
  <style name="search-match"  background="#2d210c" bold="true" underline="true"/>
  <style name="selection" foreground="#f8f8f2" background="#860606"/>
  <style name="text" foreground="#f8f8f2" background="#0e0e0e"/>
  <style name="xml:attribute-name" foreground="#a65500"/>
  <style name="xml:element-name" foreground="#6dff1b"/>
  <style name="xml:namespace" foreground="#6dff1b"/>
  <style name="xml:tag" foreground="#6dff1b"/>
  

</style-scheme>

