<?xml version="1.0" encoding="UTF-8"?>
<!--
 Copyright (C) 2009 tm2gtksw2(Alexandre da Silva)

 This file was generated from a textmate theme named Tango
 with tm2gtksw2 tool. (Alexandre da Silva)

 This library is free software; you can redistribute it and/or
 modify it under the terms of the GNU Library General Public
 License as published by the Free Software Foundation; either
 version 2 of the License, or (at your option) any later version.

 This library is distributed in the hope that it will be useful,
 but WITHOUT ANY WARRANTY; without even the implied warranty of
 MERCHANTABILITY or FITNESS FOR A PARTICULAR PURPOSE.  See the GNU
 Library General Public License for more details.

 You should have received a copy of the GNU Library General Public
 License along with this library; if not, write to the
 Free Software Foundation, Inc., 59 Temple Place - Suite 330,
 Boston, MA 02111-1307, USA.
-->

<style-scheme id="tango" _name="Tango" version="1.0">
  <author>tm2gtksw2(Alexandre da Silva)</author>
  <_description>GMate Theme - Generated from textmate theme with tm2gtksw2</_description>

  <style name="bracket-match"  background="#f0f0f0" bold="true"/>
  <style name="bracket-mismatch"  background="#f0f0f0" underline="true"/>
  <style name="c:preprocessor" foreground="#65961e"/>
  <style name="css:at-rules" foreground="#303436" bold="true"/>
  <style name="css:color" foreground="#194a87"/>
  <style name="css:keyword" foreground="#d15b00"/>
  <style name="current-line"  background="#f0f0f0"/>
  <style name="cursor" foreground="#000000"/>
  <style name="def:base-n-integer" foreground="#4f9b00"/>
  <style name="def:boolean" foreground="#194a87"/>
  <style name="def:builtin" foreground="#194a87"/>
  <style name="def:character" foreground="#a70000"/>
  <style name="def:comment" foreground="#555753" italic="true"/>
  <style name="def:complex" foreground="#4f9b00"/>
  <style name="def:constant" foreground="#194a87"/>
  <style name="def:decimal" foreground="#4f9b00"/>
  <style name="def:doc-comment" foreground="#555753" italic="true"/>
  <style name="def:doc-comment-element" foreground="#555753" italic="true"/>
  <style name="def:error" foreground="#ffffff" background="#990000"/>
  <style name="def:floating-point" foreground="#4f9b00"/>
  <style name="def:function" foreground="#5c3566"/>
  <style name="def:identifier" foreground="#194a87"/>
  <style name="def:keyword" foreground="#303436" bold="true"/>
  <style name="def:note" foreground="#555753" italic="true"/>
  <style name="def:number" foreground="#4f9b00"/>
  <style name="def:operator" foreground="#303436" bold="true"/>
  <style name="def:preprocessor" foreground="#529c08"/>
  <style name="def:reserved" foreground="#303436" bold="true"/>
  <style name="def:shebang" foreground="#555753" italic="true"/>
  <style name="def:special-char" foreground="#a70000"/>
  <style name="def:special-constant" foreground="#194a87"/>
  <style name="def:statement" foreground="#303436" bold="true"/>
  <style name="def:string" foreground="#a70000"/>
  <style name="def:type" foreground="#d15b00"/>
  <style name="draw-spaces" foreground="#bfbfbf"/>
  <style name="html:dtd"  italic="true"/>
  <style name="html:tag" foreground="#4266a0"/>
  <style name="js:function" foreground="#3c4c72"/>
  <style name="line-numbers" foreground="#303436" background="#f0f0f0"/>
  <style name="perl:builtin" foreground="#5c3566"/>
  <style name="perl:include-statement" foreground="#65961e"/>
  <style name="perl:line-directive" foreground="#194a87"/>
  <style name="perl:special-variable" foreground="#194a87"/>
  <style name="perl:type" foreground="#194a87"/>
  <style name="perl:variable" foreground="#194a87"/>
  <style name="php:string" foreground="#a70000"/>
  <style name="python:builtin-constant" foreground="#303436" bold="true"/>
  <style name="python:builtin-function" foreground="#5c3566"/>
  <style name="python:builtin-object" foreground="#194a87"/>
  <style name="python:module-handler" foreground="#303436" bold="true"/>
  <style name="python:special-variable" foreground="#303436" bold="true"/>
  <style name="ruby:attribute-definition" foreground="#303436" bold="true"/>
  <style name="ruby:builtin" foreground="#194a87"/>
  <style name="ruby:class-variable" foreground="#194a87"/>
  <style name="ruby:constant" foreground="#194a87"/>
  <style name="ruby:global-variable" foreground="#5c3566"/>
  <style name="ruby:instance-variable" foreground="#194a87"/>
  <style name="ruby:module-handler" foreground="#303436" bold="true"/>
  <style name="ruby:predefined-variable" foreground="#194a87"/>
  <style name="ruby:regex" foreground="#a70000"/>
  <style name="ruby:special-variable" foreground="#303436" bold="true"/>
  <style name="ruby:symbol" foreground="#194a87"/>
  <style name="rubyonrails:attribute-definition" foreground="#303436" bold="true"/>
  <style name="rubyonrails:block-parameter"  italic="true"/>
  <style name="rubyonrails:builtin" foreground="#194a87"/>
  <style name="rubyonrails:class-inherit"  italic="true"/>
  <style name="rubyonrails:class-name"  underline="true"/>
  <style name="rubyonrails:class-variable" foreground="#194a87"/>
  <style name="rubyonrails:complex-interpolation" foreground="#a70000"/>
  <style name="rubyonrails:constant" foreground="#194a87"/>
  <style name="rubyonrails:global-variable" foreground="#5c3566"/>
  <style name="rubyonrails:instance-variable" foreground="#194a87"/>
  <style name="rubyonrails:module-handler" foreground="#303436" bold="true"/>
  <style name="rubyonrails:module-name"  underline="true"/>
  <style name="rubyonrails:predefined-variable" foreground="#194a87"/>
  <style name="rubyonrails:rails" foreground="#194a87"/>
  <style name="rubyonrails:regex" foreground="#a70000"/>
  <style name="rubyonrails:simple-interpolation" foreground="#a70000"/>
  <style name="rubyonrails:special-variable" foreground="#303436" bold="true"/>
  <style name="rubyonrails:symbol" foreground="#194a87"/>
  <style name="search-match"  background="#f0f0f0" bold="true" underline="true"/>
  <style name="selection" foreground="#303436" background="#c4dcff"/>
  <style name="text" foreground="#303436" background="#ffffff"/>
  <style name="xml:attribute-name"  italic="true"/>
  <style name="xml:doctype" foreground="#888888"/>
  <style name="xml:tag" foreground="#4266a0"/>
  

</style-scheme>

