<?xml version="1.0" encoding="UTF-8"?>
<!--
 Copyright (C) 2009 tm2gtksw2(Alexandre da Silva)

 This file was generated from a textmate theme named Travis Jeffery
 with tm2gtksw2 tool. (Alexandre da Silva)

 This library is free software; you can redistribute it and/or
 modify it under the terms of the GNU Library General Public
 License as published by the Free Software Foundation; either
 version 2 of the License, or (at your option) any later version.

 This library is distributed in the hope that it will be useful,
 but WITHOUT ANY WARRANTY; without even the implied warranty of
 MERCHANTABILITY or FITNESS FOR A PARTICULAR PURPOSE.  See the GNU
 Library General Public License for more details.

 You should have received a copy of the GNU Library General Public
 License along with this library; if not, write to the
 Free Software Foundation, Inc., 59 Temple Place - Suite 330,
 Boston, MA 02111-1307, USA.
-->

<style-scheme id="travisjeffery" _name="Travis Jeffery" version="1.0">
  <author>tm2gtksw2(Alexandre da Silva)</author>
  <_description>GMate Theme - Generated from textmate theme with tm2gtksw2</_description>

  <style name="bracket-match"  background="#16171b" bold="true"/>
  <style name="bracket-mismatch"  background="#16171b" underline="true"/>
  <style name="c:preprocessor" foreground="#8996a8"/>
  <style name="css:at-rules" foreground="#ff66ff" background="#3a8789" bold="true"/>
  <style name="css:color" foreground="#ffffff" bold="true"/>
  <style name="css:keyword" foreground="#ff0080" background="#ffffff"/>
  <style name="current-line"  background="#16171b"/>
  <style name="cursor" foreground="#a7a7a7"/>
  <style name="def:base-n-integer" foreground="#ffffff" bold="true"/>
  <style name="def:boolean" foreground="#ffffff" bold="true"/>
  <style name="def:builtin" foreground="#9b9cbf" bold="true"/>
  <style name="def:character" foreground="#4dfcff" bold="true"/>
  <style name="def:comment" foreground="#6f6970" italic="true"/>
  <style name="def:complex" foreground="#ffffff" bold="true"/>
  <style name="def:constant" foreground="#ffffff" bold="true"/>
  <style name="def:decimal" foreground="#ffffff" bold="true"/>
  <style name="def:doc-comment" foreground="#6f6970" italic="true"/>
  <style name="def:doc-comment-element" foreground="#6f6970" italic="true"/>
  <style name="def:error" foreground="#f8f8f8" background="#442545"/>
  <style name="def:floating-point" foreground="#ffffff" bold="true"/>
  <style name="def:function" foreground="#66ffcc" background="#07484a" bold="true" underline="true"/>
  <style name="def:identifier" foreground="#aeb7ec" bold="true"/>
  <style name="def:keyword" foreground="#ff66ff" background="#3a8789" bold="true"/>
  <style name="def:note" foreground="#6f6970" italic="true"/>
  <style name="def:number" foreground="#ffffff" bold="true"/>
  <style name="def:operator" foreground="#ff66ff" background="#3a8789" bold="true"/>
  <style name="def:preprocessor" foreground="#cf6a4c"/>
  <style name="def:reserved" foreground="#ff66ff" background="#3a8789" bold="true"/>
  <style name="def:shebang" foreground="#6f6970" italic="true"/>
  <style name="def:special-char" foreground="#ddf2a4"/>
  <style name="def:special-constant" foreground="#ffffff" bold="true"/>
  <style name="def:statement" foreground="#ff66ff" background="#3a8789" bold="true"/>
  <style name="def:string" foreground="#4dfcff" bold="true"/>
  <style name="def:type" foreground="#9b9cbf" bold="true"/>
  <style name="diff:added-line" foreground="#f8f8f8" background="#253b22"/>
  <style name="diff:changed-line" foreground="#f8f8f8" background="#4a410d"/>
  <style name="diff:location" foreground="#f8f8f8" background="#0e2231" italic="true"/>
  <style name="diff:removed-line" foreground="#f8f8f8" background="#420e09"/>
  <style name="draw-spaces" foreground="#2c2d30"/>
  <style name="html:dtd" foreground="#4dfcff" bold="true"/>
  <style name="html:tag" foreground="#7c7f81"/>
  <style name="js:function" foreground="#c430df" bold="true"/>
  <style name="line-numbers" foreground="#a79ea8" background="#16171b"/>
  <style name="perl:builtin" foreground="#66ffcc" background="#07484a" bold="true" underline="true"/>
  <style name="perl:include-statement" foreground="#ff66ff" background="#3a8789" bold="true"/>
  <style name="perl:line-directive" foreground="#ffffff" bold="true"/>
  <style name="perl:special-variable" foreground="#ff66ff" background="#3a8789" bold="true"/>
  <style name="perl:type" foreground="#ffffff" bold="true"/>
  <style name="perl:variable" foreground="#aeb7ec" bold="true"/>
  <style name="php:string" foreground="#4dfcff" bold="true"/>
  <style name="python:builtin-constant" foreground="#ff66ff" background="#3a8789" bold="true"/>
  <style name="python:builtin-function" foreground="#ffffff" bold="true"/>
  <style name="python:builtin-object" foreground="#ffffff" bold="true"/>
  <style name="python:module-handler" foreground="#ff66ff" background="#3a8789" bold="true"/>
  <style name="python:special-variable" foreground="#ff66ff" background="#3a8789" bold="true"/>
  <style name="ruby:attribute-definition" foreground="#ff66ff" background="#3a8789" bold="true"/>
  <style name="ruby:builtin" foreground="#aeb7ec" bold="true"/>
  <style name="ruby:class-variable" foreground="#aeb7ec" bold="true"/>
  <style name="ruby:constant" foreground="#ffffff" bold="true"/>
  <style name="ruby:global-variable" foreground="#66ffcc" background="#07484a" bold="true" underline="true"/>
  <style name="ruby:instance-variable" foreground="#aeb7ec" bold="true"/>
  <style name="ruby:module-handler" foreground="#ff66ff" background="#3a8789" bold="true"/>
  <style name="ruby:predefined-variable" foreground="#ffffff" bold="true"/>
  <style name="ruby:regex" foreground="#e9c062"/>
  <style name="ruby:special-variable" foreground="#ff66ff" background="#3a8789" bold="true"/>
  <style name="ruby:symbol" foreground="#ffffff" bold="true"/>
  <style name="rubyonrails:attribute-definition" foreground="#ff66ff" background="#3a8789" bold="true"/>
  <style name="rubyonrails:block-parameter" foreground="#aeb7ec" bold="true"/>
  <style name="rubyonrails:builtin" foreground="#9b9cbf" bold="true"/>
  <style name="rubyonrails:class-inherit" foreground="#ffd600" bold="true" italic="true"/>
  <style name="rubyonrails:class-name" foreground="#66ffcc" background="#07484a" bold="true" underline="true"/>
  <style name="rubyonrails:class-variable" foreground="#aeb7ec" bold="true"/>
  <style name="rubyonrails:complex-interpolation" foreground="#70ae8d"/>
  <style name="rubyonrails:constant" foreground="#ffffff" bold="true"/>
  <style name="rubyonrails:global-variable" foreground="#66ffcc" background="#07484a" bold="true" underline="true"/>
  <style name="rubyonrails:instance-variable" foreground="#aeb7ec" bold="true"/>
  <style name="rubyonrails:module-handler" foreground="#ff66ff" background="#3a8789" bold="true"/>
  <style name="rubyonrails:module-name" foreground="#66ffcc" background="#07484a" bold="true" underline="true"/>
  <style name="rubyonrails:predefined-variable" foreground="#ffffff" bold="true"/>
  <style name="rubyonrails:rails" foreground="#aeb7ec" bold="true"/>
  <style name="rubyonrails:regex" foreground="#e9c062"/>
  <style name="rubyonrails:simple-interpolation" foreground="#70ae8d"/>
  <style name="rubyonrails:special-variable" foreground="#ff66ff" background="#3a8789" bold="true"/>
  <style name="rubyonrails:symbol" foreground="#ffffff" bold="true"/>
  <style name="search-match"  background="#16171b" bold="true" underline="true"/>
  <style name="selection" foreground="#a79ea8" background="#87074a"/>
  <style name="text" foreground="#a79ea8" background="#0f1014"/>
  <style name="xml:attribute-name" foreground="#bdbdbd" background="#0a585a" bold="true"/>
  <style name="xml:doctype" foreground="#494949"/>
  <style name="xml:element-name" foreground="#838383"/>
  <style name="xml:namespace" foreground="#838383"/>
  <style name="xml:tag" foreground="#7c7f81"/>
  

</style-scheme>

